{
  "images": [
    {
      "idiom" : "mac",
      "scale" : "1x",
      "size" : "16x16",
      "filename": "Icon16.png"
    },
    {
      "idiom" : "mac",
      "scale" : "2x",
      "size" : "16x16",
      "filename": "Icon32.png"
    },
    {
      "idiom" : "mac",
      "scale" : "1x",
      "size" : "32x32",
      "filename": "Icon32.png"
    },
    {
      "idiom" : "mac",
      "scale" : "2x",
      "size" : "32x32",
      "filename": "Icon64.png"
    },
    {
      "idiom" : "mac",
      "scale" : "1x",
      "size" : "128x128",
      "filename": "Icon128.png"
    },
    {
      "idiom" : "mac",
      "scale" : "2x",
      "size" : "128x128",
      "filename": "Icon256.png"
    },
    {
      "idiom" : "mac",
      "scale" : "1x",
      "size" : "256x256",
      "filename": "Icon256.png"
    },
    {
      "idiom" : "mac",
      "scale" : "2x",
      "size" : "256x256",
      "filename": "Icon512.png"
    },
    {
      "idiom" : "mac",
      "scale" : "1x",
      "size" : "512x512",
      "filename": "Icon512.png"
    },
    {
      "idiom" : "mac",
      "scale" : "2x",
      "size" : "512x512",
      "filename": "Icon1024.png"
    }
  ],
  "properties": {},
  "info": {
    "version": 1,
    "author": "xcode"
  }
}